Y,X,Name,Desc
26.5337170051723,-78.694092,Bank of the Bahamas ATM/ABM,"Instant Teller - Woodstock Street & Bank Lane, Freeport"
26.5328190733694,-78.788527,Bank of the Bahamas ATM/ABM,Instant Teller - Harbour West Shopping Center / Queen’s Highway
26.528212,-78.694854,CIBC ATM/ABM,Instant Teller - East Mall Branch
26.5189,-78.669169,CIBC ATM/ABM,Instant Teller - Municipal Motors
26.5320964,-78.6950163,CIBC ATM/ABM,Instant Teller - RAND Memorial Hospital
26.517278,-78.679683,CIBC ATM/ABM,Instant Teller - Shell Parkway Boulevard Station
26.520479,-78.657149,CIBC ATM/ABM,"Instant Teller - Solomon’s Super Centre, Lucaya, Seahorse Plaza"
26.5126479204975,-78.6426392197609,CIBC ATM/ABM,Instant Teller - Port Lucaya Marketplace
26.529959,-78.694006,CIBC ATM/ABM,Instant Teller - Pioneer's Way
26.5293636,-78.6949933,Commonwealth Bank ATM/ABM,Instant Teller - The Mall Drive
26.5481476,-78.6984586,Commonwealth Bank ATM/ABM,"Instant Teller - Freeport International Airport, Domestic Terminal"
26.5208412,-78.6562355,Commonwealth Bank ATM/ABM,Instant Teller - Lucaya
26.5437039,-78.6983434,Commonwealth Bank ATM/ABM,Instant Teller - CostRight Food Store
26.53375,-78.694156,RBC Royal Bank of Canada ATM/ABM,Instant Teller - East Mall Explorers Way
26.53375,-78.694156,RBC Royal Bank of Canada ATM/ABM,Instant Teller - FINCO
26.538139,-78.699376,RBC Royal Bank of Canada ATM/ABM,Instant Teller - Kelly's Freeport ST
26.538204,-78.699371,RBC Royal Bank of Canada ATM/ABM,Instant Teller - Kelly's Cash Counter (BHS)
26.539605,-78.699371,RBC Royal Bank of Canada ATM/ABM,Instant Teller - Focol East Mall
26.517467,-78.693105,RBC Royal Bank of Canada ATM/ABM,Instant Teller - East Sunrise Highway Service Station
26.512986,-78.642315,RBC Royal Bank of Canada ATM/ABM,Instant Teller - Port Lucaya Marketplace
26.5123497,-78.6397143,Scotiabank ATM/ABM,Instant Teller - Manor House
26.5117165,-78.6422235,Scotiabank ATM/ABM,Instant Teller - Treasure Bay Casino
26.5105753,-78.6427143,Scotiabank ATM/ABM,Instant Teller - Instant Teller - Lucayan Reef
26.5480648,-78.6962512,Scotiabank ATM/ABM,Domestic Airport Terminal
26.5346527,-78.6962914,Scotiabank ATM/ABM,"Instant Teller - Mall Drive, Branch"
